<?xml version="1.0"?>
<ConfigSchema xmlns:xsi="http://www.w3.org/2001/XMLSchema-instance" xmlns:xsd="http://www.w3.org/2001/XMLSchema" xmlns="http://www.sonicretro.org">
	<Groups>
		<Group name="1Player" display="Replacement Characters [If Activated]">
			<Property name="Sonic" type="Characters" defaultvalue="Sonic">
				<HelpText>The default character to load when Sonic is selected.</HelpText>
			</Property>
		</Group>
	</Groups>
	<Enums>
		<Enum name="Characters">
			<EnumMember name="Sonic" />
			<EnumMember name="Shadow" />
			<EnumMember name="Tails" />
			<EnumMember name="Eggman" />
			<EnumMember name="Knuckles" />
			<EnumMember name="Rouge" />
			<EnumMember name="MechTails" display="Mech Tails" />
			<EnumMember name="MechEggman" display="Mech Eggman" />
			<EnumMember name="Amy" />
			<EnumMember name="MetalSonic" display="Metal Sonic" />
			<EnumMember name="Tikal" />
			<EnumMember name="Chaos" />
			<EnumMember name="ChaoWalker" display="Chao Walker" />
			<EnumMember name="DarkChaoWalker" display="Dark Chao Walker" />
			<EnumMember name="SonicAlt" display="Sonic (Alt Costume)" />
			<EnumMember name="ShadowAlt" display="Shadow (Alt Costume)" />
			<EnumMember name="KnucklesAlt" display="Knuckles (Alt Costume)" />
			<EnumMember name="RougeAlt" display="Rouge (Alt Costume)" />
			<EnumMember name="MechTailsAlt" display="Mech Tails (Alt Costume)" />
			<EnumMember name="MechEggmanAlt" display="Mech Eggman (Alt Costume)" />
		</Enum>
	</Enums>
</ConfigSchema>
